ChemicalName,CAS­nr,Year,TWA(ppm),TWA(mg/m^3),STEL(ppm),STEL(mg/m3)
Acetaldehyde,75­0-7­-0,1990,25,45,50,90
Acetamide,60­3-5­-5,1993,10,25,25,60
Acetone,67­6-4­-1,1993,250,600,500,1200
Acetonitrile,75­0-5­-8,1993,30,50,60,100
Acrolein,107­0-2­-8,2018,"0,02","0,05","0,05","0,12"
Acrylamide,79­0-6­-1,2018,−,"0,03",−,"0,1"
Acrylonitrile,107­1-3­-1,1993,2,"4,5",6,13
Acrylic acid,79­1-0­-7,2018,10,29,20,59
Allyl alcohol,107­1-8­-6,2015,2,5,5,12
Allylamine,107­1-1­-9,1984,2,5,6,14
Allyl chloride,107­0-5­-1,1993,1,3,3,9
"Aluminium*,  metall  och  oxid  (som  Al)",7429-90-5,1996,,,,
– totaldamm,7429-90-5,,−,5,−,−
– respirabel  fraktion,7429-90-5,,−,2,−,−
"Aluminium, lösliga föreningar (som Al)",7429-90-5,1996,,,,
Aluminum Dust,7429-90-5,,−,1,−,−
pAminoazobenzene,60­0-9­-3,,,,,
4 Aminodiphenyl,92­6-7­-1,,,,,
4-Aminotoluene,106­4-9­-0,2020,1,"4,46",2,"8,92"
Amitrol,61­8-2­-5,2018,−,"0,2",−,−
Ammonia,7664­-41­-7,2011,20,14,50,36
Amyl acetate,-na-n,,,,,
Aniline,62­5-3­-3,2020,1,4,2,8
"Antimony*, and compounds (such as Sb),",7440­-36-­0,2011,,,,
Antimony trihydride,7440­-36-­0,,,,,
– inhalable fraction,7440­-36-­0,,−,"0,25",−,−
Antimony trioxide,1309­6-4­-4,,,,,
Antimony trihydride,7803­5-2­-3,1974,"0,05","0,3",−,−
Arsenic,7440-38-2,2021,,"0,01",,
"Gasoline, industrial, octane type",-na-n,1989,200,900,300,1400
pBenzoquinone,106­5-1­-4,1978,"0,1","0,4","0,3","1,3"
Benzo(a)pyrene,50­3-2­-8,1993,−,2,−,"0,02"
Benzotrichloride,98­0-7­-7,,,,,
Benzyl butyl phthalate,85­6-8­-7,1987,−,3,−,5
Benzyl chloride,100­4-4­-7,1978,1,5,2,11
Benzidine,92­8-7­-5,,,,,
"Beryllium*, and compounds (such as Be)",7440-­41-­7,2020,−,"0,0006",−,−
Beryllium,7440-­41-­7,,,"0,00021",,
Biphenyl,7440-­41-­7,,,,,
Bisphenol A,80­0-5­-7,2018,,,,
Bisphenol A,80­0-5­-7,,−,2,−,−
Lead,7439­-92-­1,2011,,,,
Lead inhalable fraction,7439­-92-­1,,−,"0,1",−,−
Lead  respirable  fraction,7439­-92-­1,,−,"0,05",−,−
Lead monoxide,1317­-36­-8,,,,,
Lead monoxide Cotton dust,1317­-36­-8,,,,,
Lead monoxide Dust,1317­-36­-8,,,,,
Borax,1303-­96­-4,1978,,,,
Borax Dust,1303­-96­-4,,−,2,−,5
Bromine,7726­-95­-6,1974,"0,1","0,7","0,3",2
"1,3 Butadiene",106­9-9­-0,2018,"0,5",1,5,10
nButanol,71­3-6­-3,1989,15,45,30,90
isoButanol,78­8-3­-1,1987,50,150,75,250
sec Butanol,78­9-2­-2,1987,50,150,75,250
tertButanol,75­6-5­-0,1987,50,150,75,250
2Butoxyethanol,-na-n,,,,,
See: Ethylene glycol monobutyl ether,-na-n,,,,,
2Butoxyethyl acetate,-na-n,,,,,
See: Ethylene glycol monobutyl ether acetate,-na-n,,,,,
Butyl acetate,-na-n,2020,50,241,150,723
Butyl acetate,-na-n,2020,50,241,150,723
nButyl acrylate,141­3-2­-2,2015,2,11,10,53
Butylamine,-na-n,1984,−,−,5,15
nButylamine,109­7-3­-9,,,,,
isoButylamine,78­8-1­-9,,,,,
secButylamine,13952­8-4­-6,,,,,
tertButylamine,75­6-4­-9,,,,,
Butyl glycidyl ether,2426­0-8­-6,1981,10,50,15,80
Butyl methacrylate,97­8-8­-1,1987,50,300,75,450
"But-2-yne-1,4 diol",110­6-5­-6,2018,−,"0,5",−,−
Beta-Butyrolactone,3068­8-8­-0,,,,,
CFC 11,75­6-9­-4,1984,500,3000,750,4500
CFC 12,75­7-1­-8,1984,500,2500,750,4000
CFC 113,76­1-3­-1,1981,500,4000,750,6000
Cyanamid,420­0-4­-2,2015,"0,58",1,−,−
Cyanides (as CN),-na-n,2018,,,,
inhalable fraction,-na-n,,−,1,−,4
Potassium cyanide,151­5-0­-8,,,,,
Sodium cyanide,143­3-3­-9,,,,,
See also Hydrogen Cyanide,-na-n,,,,,
Cyan chloride,506­7-7­-4,1978,"0,1","0,3","0,3","0,8"
Cyclohexane,110­8-2­-7,2015,200,700,−,−
Cyclohexanol,108­9-3­-0,1978,50,200,75,300
Cyclohexanone,108­9-4­-1,2015,10,41,20,81
Cyclohexylamine,108­9-1­-8,1993,5,20,10,40
"Dust,  inorganic",-na-n,,,5,,
Dust inhalable  fraction,-na-n,2018,−,5,−,−
Dust – respirable  fraction,-na-n,2018,−,"2,5",−,−
"Dust  and  mist,  organic",-na-n,2018,,5,,
Dust inhalable  fraction,-na-n,,−,5,−,−
"Dust, cotton (raw cotton)",-na-n,2018,,"0,5",,
–inhalable fraction,-na-n,,−,"0,5",−,−
"Dust, thermoplastics",-na-n,2018,,3,,
–inhalable fraction,-na-n,,−,3,−,−
"Dust, coal incl. carbon black",-na-n,2018,,3,,
–inhalable fraction,-na-n,,−,3,−,−
"Dust, flour,",-na-n,2000,,,,
–inhalable fraction,-na-n,,−,3,−,−
"Dust, paper",-na-n,2018,,,,
–inhalable fraction,-na-n,,−,2,−,−
"Dust,  PVC",9002­8-6­-2,2018,,,,
– inhalable  fraction,-na-n,,−,1,−,−
– respirable  fraction,-na-n,,−,"0,5",−,−
"Dust, textiles",-na-n,2018,,,,
–inhalable fraction,-na-n,,−,1,−,−
"Dust, wood",-na-n,2018,,,,
–inhalable fraction,-na-n,,−,2,−,−
Dust from hardwoods (hardwood),-na-n,,,,,
Dust from softwoods (softwoods),-na-n,,,,,
Decanes and other higher aliphatic hydrocarbons,-na-n,1989,−,350,−,500
Desflurane,57041­6-7­-5,2000,10,70,20,140
Diacetone alcohol,-na-n,,,,,
See: 4Hydroxy4methyl2pentanone,-na-n,,,,,
Diacetyl,431­0-3­-8,2018,"0,02","0,07","0,1","0,36"
"4,4´Diamino3,3´ ",101­1-4­-4,2020,−,"0,01",−,−
Dibenzyl phthalate,523­3-1­-9,1987,−,3,−,5
"1,2Dibromo3chloropropane",96­1-2­-8,,,,,
"1,2Dibromoethane (ethyl dibromide)",106­9-3­-4,2018,"0,1","0,8",−,−
Dibutyl phthalate,84­7-4­-2,1987,−,3,−,5
"1,2:3,4Diepoxybutane",1464­5-3­-5,,,,,
Diesel exhaust,-na-n,2020,−,"0,05",−,−
Diethanolamine,111­-42­-2,1993,3,15,6,30
Diethylamine,109­-89­-7,2015,5,15,10,30
2Diethylaminoethanol,100­-37­-8,1996,2,10,10,50
Diethylene glycol,111­-46­-6,1993,10,45,20,90
Diethylene glycol monobutyl ether,112­-3-4­5,2015,10,68,15,101
Diethylene glycol monobutyl ether acetate,124­1-7­-4,1996,15,130,30,250
Diethylene glycol monoethyl ether,111­9-0­-0,2000,15,80,30,170
Diethylene glycol monoethyl ether acetate,112­1-5­-2,2000,15,110,30,220
Diethylene glycol monomethyl ether,111­7-7­-3,2015,10,50,−,−
Diethylenetriamine,111­4-0­-0,1996,1,"4,5",2,10
Diethyl ether,60­2-9­-7,2015,100,308,200,616
Diethyl phthalate,84­6-6­-2,1987,−,3,−,5
Diethyl sulfate,64­6-7­-5,,,,,
Diphenyl,92­5-2­-4,1974,"0,2","1,3","0,4","2,5"
Diphenylamine,122­3-9­-4,1996,−,4,−,12
Diphenyl ether,101­8-4­-8,2018,1,7,2,14
Diphosphorus pentasulfide,1314­8-0­-3,2015,−,1,−,−
Diglycidyl ethers,2238­0-7­-5,1981,−,−,"0,2","1,1"
Diisocyanates,-na-n,2005,2,−,5,−
Hexamethylene diisocyanate,822­0-6­-0,,2,"0,02",5,"0,03"
Isophorone diisocyanate,4098­7-1­-9,,2,18,5,46
"4,4'Methylene diphenyl diisocyanate",101­6-8­-8,,2,"0,03",5,"0,05"
"1,5Naphthalene diisocyanate",3173­7-2­-6,,2,17,5,44
Toluene diisocyanate,26471­6-2­-5,,2,14,5,"0,04"
"2,4Toluene diisocyanate",584­8-4­-9,,,,,
"2,6Toluene diisocyanate",91­0-8­-7,,,,,
Trimethylhexamethylene diisocyanate,28679­1-6­-5,,2,17,5,44
"2,2,4Trimethylhexamethylene",16938­2-2­-0,,,,,
diisocyanate,-na-n,,,,,
"2,4,4Trimethylhexamethylene",15646­9-6­-5,,,,,
diisocyanate,-na-n,,,,,
Diisodecyl phthalate,26761­4-0­-0,1987,−,3,−,5
Diisopropylamine,108­1-8­-9,1993,5,20,10,40
"2,6Diisopropylphenyl isocyanate",28178­4-2­-9,2005,5,"0,04","0,01","0,08"
oDichlorobenzene,95­5-0­-1,2018,20,122,50,306
pDichlorobenzene,106­4-6­-7,2018,2,12,10,60
"3,3' Dichlorobenzidine",91­9-4­-1,,,,,
"2,2Dichlorodiethyl ether",111­4-4­-4,,,,,
"2,2'Dichlorodiethyl sulfide (mustard gas)",505­6-0­-2,,,,,
Dichlorodifluoromethane,-na-n,,,,,
See: CFC 12,-na-n,,,,,
"1,1'Dichlorodimethyl ether",542­8-8­-1,,,,,
"1,1Dichloroethane",75­3-4­-3,2015,100,412,−,−
"1,2Dichloroethane",107­0-6­-2,2018,1,4,5,20
"1,1Dichloroethylene",75­3-5­-4,2018,2,8,5,20
Dichloromethane,-na-n,,,,,
See: Methylene chloride,-na-n,,,,,
Nitrous oxide,-na-n,,,,,
See:  Nitrous oxide,-na-n,,,,,
"N,N-methylacetamide",127­1-9­-5,2015,10,35,20,70
Dimethyl adipate,627­9-3­-0,2005,5,36,−,−
Dimethylamine,124­4-0­-3,2015,2,"3,5",5,9
"N,NDimethy4aminoazobenzene",60­1-1­-7,,,,,
S(2(Dimethylamino)ethyl)pseudothiourea dihy,16111­2-7­-6,,,,,
hydrochloride (PBA 1),-na-n,,,,,
"N,NDmethylaniline",121­6-9­-7,1993,1,5,2,10
"3,3'Dimethylbenzidine",-na-n,,,,,
See: oTolidine,-na-n,,,,,
Dimethyldisulfide,624­9-2­-0,1993,1,−,−,−
Dimethyl ether,115­1-0­-6,1996,500,950,800,1500
Dimethylethylamine,598­5-6­-1,1993,2,6,5,15
"N,NDimethyformamide",68­1-2­-2,2015,5,15,10,30
Dimethyl phthalate,131­1-1­-3,1987,−,3,−,5
Dimethyl glutarate,1119­4-0­-0,2005,5,33,−,−
"1,1Dimethylhydrazine",57­1-4­-7,,,,,
"1,2Dimethylhydrazine",540­7-3­-8,,,,,
Dimethyl succinate,106­6-5­-0,2005,5,30,−,−
Dimethyl sulfate,77­7-8­-1,,,,,
Dimethyl sulfide,75­1-8­-3,1993,1,−,−,−
Dimethyl sulfoxide,67­6-8­-5,1993,50,150,150,500
Dinitrobenzene,25154­5-4­-5,1978,"0,15",1,"0,3",2
"1,2­Dinitrobensen",528­2-9­-0,,,,,
Dimetylsulfat,77­7-8­-1,,,,,
Dimetylsulfid,75­1-8­-3,1993,1,−,−,−
Dimetylsulfoxid,67­6-8­-5,1993,50,150,150,500
Dinitrobensen,25154­5-4­-5,1978,"0,15",1,"0,3",2
"1,2­Dinitrobensen",528­2-9­-0,,,,,
"1,3­Dinitrobensen",99­6-5­-0,,,,,
"1,4­Dinitrobensen",100­2-5­-4,,,,,
Dinitrotoluen,25321­1-4­-6,1993,−,"0,15",−,"0,3"
"2,4­Dinitrotoluen",121­1-4­-2,,,,,
"2,6­Dinitrotoluen",606­2-0­-2,,,,,
Dioktylftalat,-na-n,1987,−,3,−,5
Di­n­oktylftalat,117­8-4­-0,,,,,
Di(2­etylhexyl)ftalat,117­8-1­-7,,,,,
Dioxan,123­9-1­-1,1996,10,35,25,90
Dipropylenglykolmonometyleter,34590­9-4­-8,1993,50,300,75,450
Disulfiram,97­7-7­-8,1993,−,1,−,2
Enfluran,13838­1-6­-9,1981,10,80,20,150
"Enzymer, subtilisiner",1395­2-1­-7,1996,,1 glycinenhet/m3,,3 glycinenheter/m3
"Enzymer, subtilisiner",9014­0-1­-1,,,,,
 Epiklorhydrin,106­8-9­-8,2018,"0,5","1,9",1,4
Erionit,12510­4-2­-8,,,,,
Etanol,64­1-7­-5,1993,500,1000,1000,1900
Etanolamin,141­4-3­-5,2015,1,"2,5",3,"7,5"
Eten,74­8-5­-1,2000,250,330,1000,1200
 Etylacetat,141­7-8­-6,2018,150,550,300,1100
Etylakrylat,140­8-8­-5,2015,5,20,10,40
Etylamin,75­0-4­-7,2015,5,"9,4",10,"18,8"
Etylbensen,100­4-1­-4,2015,50,220,200,884
Etyl­2­cyanoakrylat,7085­8-5­-0,2000,2,10,4,20
Etylendiamin,107­1-5­-3,1978,10,25,15,35
Etylenglykol,107­2-1­-1,2015,10,25,40,104
 Etylenglykoldinitrat,628­9-6­-6,2018,16,"0,1","0,03","0,2"
Etylenglykolmonobutyleter,111­7-6­-2,2015,10,50,50,246
Etylenglykolmonobutyleteracetat,112­0-7­-2,2015,10,70,50,333
Etylenglykolmonoetyleter,110­8-0­-5,2015,2,8,−,−
Etylenglykolmonoetyleteracetat,111­1-5­-9,2015,2,11,−,−
Etylenglykolmonoisopropyleter,109­5-9­-1,1996,10,45,20,90
Etylenglykolmonoisopropyleteracetat,19234­2-0­-9,1996,10,60,20,120
 Etylenglykolmonometyleter,109­8-6­-4,2018,1,−,−,−
 Etylenglykolmonometyleteracetat,110­4-9­-6,2018,1,−,−,−
Etylenglykolmonopropyleter,2807­3-0­-9,1996,10,45,20,90
Etylenimin (Aziridin),151­5-6­-4,,,,,
 Etylenoxid,75­2-1­-8,2018,1,"1,8",5,9
Etylentiourea,96­4-5­-7,,,,,
 2­Etylhexanol,104­7-6­-7,2018,1,"5,4",−,−
2­Etylhexyllaktat,6283­8-6­-9,1996,5,40,10,80
2­Etylkarbamat,-na-n,,,,,
Se: Uretan,-na-n,,,,,
Etyllaktat,97­6-4­-3,1996,5,25,10,50
Etylmetakrylat,97­6-3­-2,1987,50,250,75,350
Etylmetansulfonat,62­5-0­-0,,,,,
N­Etylmorfolin,100­7-4­-3,1984,5,25,10,50
Fenol,108­9-5­-2,2015,1,4,4,16
Fenylglycidyleter,122­6-0­-1,1981,10,60,15,90
Fenylisocyanat,103­7-1­-9,1984,5,"0,02","0,01","0,05"
Asbest,-na-n,2005,"0,1 fibrer/cm³",,−,−
Asbest,-na-n,2005,"0,1 fibrer/cm³",−,−,"C,M"
,-na-n,,"0,5 fibrer/cm³",−,−,
Övriga fibrer,-na-n,1990,,,,
 Eldfasta keramiska fibrer,-na-n,2018,"0,2 fibrer/cm³","−
−","C,M","28,30"
Specialfibrer,-na-n,2005,"0,2 fibrer/cm³","−
−","C,M",28
Övriga fibrer,-na-n,2005,1 fibrer/cm³,"−
−",,28
"Fibrer, syntetiska oorg.",-na-n,2005,"0,2 fibrer/cm³","−
−",M,28
Fosgen,75­4-4­-5,2015,"0,02","0,08","0,05","0,2"
Ftalater,-na-n,1987,−,3,−,5
Ftalsyraanhydrid,85­4-4­-9,2011,"0,03","0,2","0,06","0,4"
Furfural,98­0-1­-1,1990,2,8,5,20
Furfurylalkohol,98­0-0­-0,1990,5,20,10,40
Glutaraldehyd,111­3-0­-8,2011,−,−,"0,1","0,4"
Halotan,151­6-7­-7,1990,5,40,10,80
HCFC 22,75­4-5­-6,1984,500,1800,750,2500
n­Heptan* och andra heptaner,142­82-­5-*,1989,200,800,300,1200
2­Heptanon,110­4-3­-0,2015,25,120,100,475
 3­Heptanon,106­3-5­-4,2018,20,95,50,250
Hexahydroftalsyraanhydrid,85­4-2­-7,2011,,,,
Hexametylentetramin,100­9-7­-0,1984,−,3,−,5
 n­Hexan,110­5-4­-3,2018,20,72,50,180
"Hexaner, utom n­hexan",-na-n,1989,200,700,300,1100
2­Hexanon,591­7-8­-6,1993,1,4,2,8
HFC 134 a,811­9-7­-2,1996,500,2000,750,3000
 Hydrazin,302­0-1­-2,2018,"0,01",13,−,−
Hydrokinon,123­3-1­-9,1993,−,"0,5",−,"1,5"
2­Hydroxietylakrylat,818­6-1­-1,1981,1,5,2,10
4­Hydroxi­4­metyl­2­pentanon,123­4-2­-2,1993,25,120,50,240
Indium* och oorg föreningar (som In),7440­74-­6-*,1996,,,,
–totaldamm,-na-n,,−,"0,1",−,−
 Isoamylalkohol,123­5-1­-3,2020,5,18,10,37
Isobutylmetakrylat,97­8-6­-9,1987,50,300,75,450
Isocyanater,-na-n,,,,,
Se respektive isocyanat,-na-n,,,,,
Isocyansyra,75­1-3­-8,2004,"0,01",18,,"0,02"
Isofluran,26675­4-6­-7,1990,10,75,,20
Isoforon,78­5-9­-1,1993,−,−,,5
Isopropanol,67­6-3­-0,1989,150,350,,250
2­Isopropoxietanol,-na-n,,,,,
Se: Etylenglykolmonoisoproyleter,-na-n,,,,,
2­Isopropoxietylacetat,-na-n,,,,,
Se: Etylenglykolmonoisopropyleteracetat,-na-n,,,,,
Isopropylamin,75­3-1­-0,1993,5,12,,10
 Isopropylbensen,98­8-2­-8,2020,10,50,,50
Isopropylnitrat,1712­6-4­-7,1978,10,45,,15
Jod,7553­5-6­-2,1974,−,−,,"0,1"
Järnoxid (som Fe),1309­3-7­-1,1978,,,,
–respirabel fraktion,-na-n,,−,"3,5",,−
,-na-n,,−,4,−,
" Kadmium*, och oorg föreningar",7440­43-­9-*,2020,,,,
(som Cd),-na-n,,,"0,0012",,
–inhalerbar fraktion,-na-n,,,,,
Kadmiumdifluorid,7790­7-9­-6,,,,,
Kadmiumdiklorid,10108­6-4­-2,,,,,
 Kalciumhydroxid,1305­6-2­-0,2018,,1,,
–respirabel fraktion,-na-n,,−,1,,−
 Kalciumoxid,1305­7-8­-8,2018,,,,3
–respirabel fraktion,-na-n,,"−
1","−
4",,
Kaliumaluminiumtetrafluorid,60304­3-6­-1,2005,,,,3
–inhalerbar fraktion,-na-n,,"−

0,4","−
−",,
Kaliumhydroxid,1310­5-8­-3,2005,1,2,,3
–inhalerbar fraktion,-na-n,,"−

1","−

2",,
Kaprolaktam (damm + ånga),105­6-0­-2,2015,"−
5","−
40",,
Karbonyldiklorid,-na-n,,,,,
Se: Fosgen,-na-n,,,,,
3­Karen (jfr Terpener),13466­7-8­-9,1990,"25 
150","50 
300","S,V",
Katekol,120­8-0­-9,1993,"5 
20","10 
40","H,V",
Klor,7782­5-0­-5,2015,"−
−","0,5 
1,5",,
Klorbensen,108­9-0­-7,2015,"5 
23","15 
70",,
"2­Klor­1,3­butadien",126­9-9­-8,1990,"1 
3,5","5 
18","H,V",
Klordifluormetan,-na-n,,,,,
Se: HCFC22,-na-n,,,,,
Klordioxid,10049­0-4­-4,1996,"0,1 
0,3","0,3 
0,8",,
Kloretan,75­0-0­-3,2015,"100 
268","−
−",,
2­Kloretanol,107­0-7­-3,1981,"−
−","1 
3,5",H,24
Klorfenoler och salter(som klorfenol),-na-n,1990,−,"0,5",−,"1,5"
Klorkresol,59­5-0­-7,1993,−,3,−,6
Kloroform,67­6-6­-3,1978,2,10,5,25
"Kobolt*, och oorg. föreningar (som Co)",7440­48-­4-*,2011,,,,
–inhalerbar fraktion,-na-n,,−,"0,02",−,−
Koldioxid,124­3-8­-9,1974,5000,9000,10000,18000
Koldisulfid,75­1-5­-0,1978,5,16,8,25
 Kolmonoxid,630­0-8­-0,2018,20,23,100,117
 Koltetraklorid,56­2-3­-5,2018,1,"6,4",3,19
" Koppar*, och oorg. föreningar",7440­50-­8-*,2018,,,,
–respirabel fraktion,-na-n,,−,"0,01",−,−
Kresol,1319­7-7­-3,2000,1,"4,5",2,9
"Kristobalit,",14464­4-6­-1,1996,,,,
–respirabel fraktion,-na-n,,−,"0,05",−,−
"Krom*, och oorg. (II, III)­föreningar (som Cr)",7440­47-­3-*,2005,,,,
–totaldamm,-na-n,,−,"0,5",−,−
–inhalerbar fraktion,-na-n,,−,5,−,15
–respirabel fraktion,-na-n,−,"0,05",−,−,
"Krom*, och oorg. (II, III)­föreningar (som Cr)",7440­47-­3-*,2005,,,,3
–totaldamm,-na-n,−,"0,5",−,−,
–inhalerbar fraktion,-na-n,−,5,−,15,
 Litium* och föreningar (som Li),7439­93-­2-*,2018,,,,
–inhalerbar fraktion,-na-n,,−,−,−,"0,02"
Litiumhydrid,7580­6-7­-8,,,,,
Lustgas,10024­9-7­-2,1981,100,180,500,900
Maleinsyraanhydrid,108­3-1­-6,2011,"0,05","0,2","0,1","0,4"
" Mangan*, och oorg. föreningar (som Mn),",7439­96-­5-*,2018,,,,
–inhalerbar fraktion,-na-n,,−,"0,2",−,−
–respirabel fraktion,-na-n,,−,"0,05",−,−
Metakrylsyra,79­4-1­-4,1987,20,70,30,100
Metanol,67­5-6­-1,1990,200,250,250,350
Metantiol,74­9-3­-1,1993,1,−,−,−
1­Metoxi­2­propanol,107­9-8­-2,2015,50,190,150,568
1­Metoxi­2­propylacetat,108­6-5­-6,2015,50,275,100,550
Metylacetat,79­2-0­-9,1993,150,450,300,900
Metylakrylat,96­3-3­-3,2015,5,18,10,36
Metylamin,74­8-9­-5,1984,10,13,20,25
Metylbromid,74­8-3­-9,1990,"5 
19","10 
40","H,V",
Metyl­n­butylketon,-na-n,,,,,
Se: 2­Hexanon,-na-n,,,,,
Metyl­2­cyanoakrylat,137­0-5­-3,2000,"2 
9","4 
18","M,S,V",
" 4,4´­Metylendianilin",101­7-7­-9,2018,"0,01 
0,08","−
−","C,H,S",13
 Metylenklorid,75­0-9­-2,2018,"35 
120","70 
250","C,H",37
Metyletylketon,78­9-3­-3,2015,"50 
150","300 
900",,
Metyletylketonperoxid,1338­2-3­-4,1981,"−
−","0,2 
1,5",,
 Metylformiat,107­3-1­-3,2018,"50 
125","100 
250",H,
5­Metyl­3­heptanon,541­8-5­-5,2015,"10 
53","20 
107",,
Metylhexahydroftalsyraanhydrid,25550­5-1­-0,,,,"M,S","4,32"
 5­Metyl­2­hexanon,110­1-2­-3,2018,"20 
95","50 
250",,
 Metylisobutylketon,108­1-0­-1,2018,"20 
83","50 
200",,
Metylisocyanat,624­8-3­-9,2005,"0,01 
0,024","0,02 
0,047",M,"2,21"
4­Metylisopropylbensen,99­8-7­-6,1984,"25 
140","35 
190",V,
Metyljodid,74­8-8­-4,1981,"1 
6","5 
30","C,H,V",
 Metylklorid,74­8-7­-3,2020,"10 
20","20 
40","C,H,V",
Metylklormetyleter,107­3-0­-2,,,,C,1
Metylmetakrylat,80­6-2­-6,2015,50,200,100,400
Metylmetansulfonat,66­2-7­-3,,,,,
N­Metylmorfolin,109­0-2­-4,1984,5,20,10,40
N­Metyl­N­nitrosourea,684­9-3­-5,,,,,
"2­Metyl­2,4­pentandiol",107­4-1­-5,1996,−,−,25,120
4­Metyl­2­pentanol,108­1-1­-2,1996,25,110,40,170
 N­Metyl­2­pyrrolidon (NMP),872­5-0­-4,2020,"3,6","14,4",20,80
α­Metylstyren,98­8-3­-9,2015,20,98,100,492
Metyltertiärbutyleter,1634­0-4­-4,2015,30,110,100,367
Metyltetrahydroftalsyraanhydrid,26590­2-0­-5,,,,,
–totaldamm,-na-n,,−,10,−,−
–respirabel fraktion,-na-n,,−,5,−,−
"Molybden, lättlösliga föreningar",-na-n,1984,,,,
(som Mo),-na-n,,,,,
–totaldamm,-na-n,,−,5,−,−
Monoklorättikssyra,79­1-1­-8,1993,1,4,2,8
Monometylhydrazin,60­3-4­-4,,,,,
Morfolin,110­9-1­-8,2015,10,35,20,72
Myrsyra,64­1-8­-6,1990,3,5,5,9
Naftalen,91­2-0­-3,2000,10,50,15,80
"Naftalener, klorerade",1321­6-5­-9,1978,−,"0,2",−,"0,6"
α­Naftylamin,134­3-2­-7,,,,,
β­Naftylamin,91­5-9­-8,,,,,
Natriumazid,26628­2-2­-8,2015,−,"0,1",−,"0,3"
Natriumhydroxid,1310­7-3­-2,2005,,,,
–inhalerbar fraktion,-na-n,,−,1,−,2
"Nickel, metall",7440­0-2­-0,1978,,,,
–totaldamm,-na-n,,−,"0,5",−,−
"Nickelföreningar (som Ni), utom",-na-n,1978,,,,
Nickelkarbonyl och Trinickeldisulfid,-na-n,,,,,
–totaldamm,-na-n,,−,"0,1",−,−
Nickelkarbonyl,13463­3-9­-3,1974,1,7,−,−
Nikotin,54­1-1­-5,2011,−,"0,1",−,−
 Nitrobensen,98­9-5­-3,2018,"0,2",1,−,−
 Nitroetan,79­2-4­-3,2018,20,62,50,150
 Nitroglycerin,55­6-3­-0,2018,"0,01",95,"0,02","0,19"
Nitrometan,75­5-2­-5,1993,20,50,50,130
1­Nitropropan,108­0-3­-2,1990,5,18,10,35
 2­Nitropropan,79­4-6­-9,2018,2,7,6,20
N­Nitrosodimetylamin,62­7-5­-9,,,,,
Nitrotoluen,1321­1-2­-6,1993,1,6,2,11
Penicillin,-na-n,2011,,,,
–inhalerbar fraktion,-na-n,,−,"0,1",−,−
Pentaerytritol,115­7-7­-5,1996,,,,
–totaldamm,-na-n,,−,5,−,−
"1,1,1,2,2­Pentafluoretan",354­3-3­-6,2005,500,2500,750,3750
Pentaklorfenol* och salter,87­86-­5-*,1974,−,"0,5",−,"1,5"
(som pentaklorfenol),-na-n,,,,,
Pentaner,-na-n,1978,600,1800,750,2000
n­Pentan,109­6-6­-0,,,,,
Pentaner,-na-n,1978,600,1800,750,2000
Pentylacetater,-na-n,2015,50,270,100,540
Piperazin* och salter,110­85-­0-*,2015,"0,03","0,1","0,08","0,3"
"Platina*, metall och svårlösliga föreningar",7440­06-­4-*,2000,,,,
–totaldamm,-na-n,,−,1,−,−
Platina lösliga föreningar (som Pt),-na-n,2000,,,,
–totaldamm,-na-n,,−,2,−,−
n­Propanol,71­2-3­-8,1989,150,350,250,600
Propen,115­0-7­-1,1996,500,900,−,−
β­Propiolakton,57­5-7­-8,,,,,
Propionsyra,79­0-9­-4,2015,10,30,20,62
Propylacetat,109­6-0­-4,1996,100,400,200,800
"1,2­Propylenglykoldinitrat",6423­4-3­-4,1987,"0,1","0,7","0,3",2
"Propylenglykolmonometyleter,",1320­6-7­-8,1990,50,190,75,300
 Propylenoxid,75­5-6­-9,2018,1,"2,4",5,"12,5"
Pyretrum,8003­3-4­-7,2015,−,1,−,−
Pyridin,110­8-6­-1,1996,2,7,3,10
Radon,10043­9-2­-2,2011,,,,
Resorcinol,108­4-6­-3,1993,10,45,−,−
Salpetersyra,7697­3-7­-2,2015,"0,5","1,3",1,"2,6"
Saltsyra,7647­0-1­-0,2015,2,3,4,6
"Selen*, och oorg. föreningar (som Se) utom",7782­49-­2-*,1990,,,,
väteselenid,-na-n,,,,,
–totaldamm,-na-n,,−,"0,1",−,−
Sevofluran,28523­8-6­-6,2000,10,80,20,170
"Silver*, metall och svårlösliga",7440­22-­4-*,1990,,,,
föreningar (som Ag),-na-n,,,,,
–totaldamm,-na-n,,−,"0,1",−,−
"Silver, lösliga föreningar (som Ag)",-na-n,1990,,,,
–totaldamm,-na-n,,−,"0,01",−,−
 Skärvätska,-na-n,2018,,,,
Stearater,-na-n,1996,,,,
–totaldamm,-na-n,,−,5,−,−
Styren,100­4-2­-5,2011,10,43,20,86
"Sulfider, (summan av dimetyldisulfid, dime­",-na-n,1993,1,−,−,−
tylsulfid och metantiol),-na-n,,,,,
Sulfotep,3689­2-4­-5,2015,−,"0,1",−,−
 Svaveldioxid,7446­0-9­-5,2018,"0,5","1,3",1,"2,7"
Svavelhexafluorid,2551­6-2­-4,1993,1000,6000,−,−
Svavelsyra,7664­9-3­-9,2011,,,,
–inhalerbar fraktion,-na-n,,−,"0,1",−,"0,2"
Svaveltetrafluorid,7783­6-0­-0,1993,−,−,"0,1","0,4"
Talk,14807­9-6­-6,1996,,,,
– totaldamm,-na-n,,−,2,−,−
– respirabel  fraktion,-na-n,,−,1,−,−
Tellur* metall och föreningar (som Te),13494­80-­9-*,1981,,,,
–totaldamm,-na-n,,−,"0,1",−,−
Tenn* metall och oorg. föreningar,7440­31-­5-*,2011,,,,
(som Sn),-na-n,,,,,
–inhalerbar fraktion,-na-n,,−,2,−,−
Tennorganiska föreningar (som Sn),-na-n,1978,,,"H,V",3
–totaldamm,-na-n,,"−

0,1","−

0,2",,
" Terfenyl, hydrerad",61788­3-2­-7,2018,"2 
19","5 
48",,
Terpener,-na-n,1990,"25 
150","50 
300","S,V",
Terpentin,8006­6-4­-2,1990,"25 
150","50 
300","H,S,V",
"1,1,2,2­Tetrabrometan",79­2-7­-6,1993,"1 
14","2 
30",V,
Tetraetylbly (som Pb),78­0-0­-2,1981,"−
0,05","−
0,2","H,R,V",
 Tetraetylortosilikat,78­1-0­-4,2018,"5 
44","10 
86",,
"1,1,1,2­Tetrafluoretan",-na-n,,,,,
Se: HFC 134a,-na-n,,,,,
"1,2,2,2­Tetrafluoroetyldifluormetyleter",-na-n,,,,,
Se: Desfluran,-na-n,,,,,
Tetrahydroftalsyraanhydrid,85­4-3­-8,,,,"M,S","4,32"
,935­7-9­-5,,,,,
Tetrahydrofuran,109­9-9­-9,2015,"50 
150","100 
300",,
 Tetrakloretylen,127­1-8­-4,2018,"10 
70","25 
170","C,H",
Tetraklorfenol* och salter,25167­83-­3-*,1990,"−

0,5","−

1,5","H,V",
Tioglykolsyra,68­1-1­-1,1996,1,4,2,8
Tiram,137­2-6­-8,1993,−,1,−,2
Titandioxid,13463­6-7­-7,1990,,,,
–totaldamm,-na-n,,−,5,−,−
"o­Tolidin (3,3’­dimetylbensidin)",119­9-3­-7,,,,,
Toluen,108­8-8­-3,2015,50,192,100,384
 o­Toluidin,95­5-3­-4,2018,"0,1","0,5",−,−
Tridymit,15468­3-2­-3,1996,,,,
–respirabel fraktion,-na-n,,−,"0,05",−,−
Trietanolamin,102­7-1­-6,2011,"0,8",5,"1,6",10
Trietylamin,121­4-4­-8,2015,1,"4,2",3,"12,6"
Trietylentetramin,112­2-4­-3,1984,1,6,2,12
"1,1,1­Trifluoretan",420­4-6­-2,2005,500,1750,750,2625
"1,2,4­Triklorbensen",120­8-2­-1,2015,2,15,5,38
"1,1,1­Trikloretan",71­5-5­-6,2015,50,300,200,1110
" 1,1,2­Trikloretylen",79­0-1­-6,2018,10,54,25,140
Triklorfenol* och salter,25167­82-­2-*,"−

1990 
0,5",−,"1,5","C,H,V",
Vanadinpentoxid (som V),1314­6-2­-1,1987,,,,
– totaldamm,-na-n,,−,"0,2",−,−
– respirabel  fraktion,-na-n,,−,−,−,"0,05"
Vinylacetat,108­0-5­-4,1993,5,18,10,35
 Vinylbromid,593­6-0­-2,2018,1,"4,4",−,−
Vinylidenklorid,-na-n,,,,,
"Se: 1,1­Dikloreten",-na-n,,,,,
 Vinylklorid,75­0-1­-4,2018,1,"2,5",5,13
Vinyltoluen,25013­1-5­-4,1993,10,50,30,150
2­Vinyltoluen,611­1-5­-4,,,,,
Väteklorid,-na-n,,,,,
Se: Saltsyra,-na-n,,,,,
Väteperoxid,7722­8-4­-1,1990,"1 
1,4","2 
3",,
Väteselenid,7783­0-7­-5,2015,"0,01 
0,03","0,05 
0,2",,
Vätesulfid,7783­0-6­-4,2015,"5 
7","10 
14",,
Wollastonit,-na-n,,,,,
"Se: Fibrer, naturliga kristallina­Övriga",-na-n,,,,,
Xylen,1330­2-0­-7,2015,"50 
221","100 
442",H,
o­Xylen,95­4-7­-6,,,,,
